model,num_samples,accuracy,f1_macro,precision,recall,tp,fp,fn,tn,variety
Robertalarge_VAAT_translated,2428,,9.866111557409045,,,,,,,__LATENCY_MS_PER_SAMPLE__
Robertalarge_VAAT_translated,2428,,0.03876457176465231,,,,,,,__ROBUSTNESS_GAP__
Robertalarge_VAAT_translated,742,0.42857142857142855,0.4261700652974866,0.3284671532846715,0.47703180212014135,135.0,276.0,148.0,183.0,en-AU
Robertalarge_VAAT_translated,910,0.6758241758241759,0.44209950974585344,0.20967741935483872,0.05019305019305019,13.0,49.0,246.0,602.0,en-IN
Robertalarge_VAAT_translated,776,0.6224226804123711,0.4649346370621389,0.2540983606557377,0.13304721030042918,31.0,91.0,202.0,452.0,en-UK
