model,num_samples,accuracy,f1_macro,precision,recall,tp,fp,fn,tn,variety,source
Robertalarge_VAAT,260,0.55,0.39051511690809637,0.22727272727272727,0.047619047619047616,5,17,100,138,en-AU,Google
Robertalarge_VAAT,482,0.3630705394190871,0.342627021888147,0.3341902313624679,0.7303370786516854,130,259,48,45,en-AU,Reddit
Robertalarge_VAAT,450,0.6222222222222222,0.3835616438356164,0.0,0.0,0,0,170,280,en-IN,Google
Robertalarge_VAAT,460,0.7282608695652174,0.5048183329170937,0.20967741935483872,0.14606741573033707,13,49,76,322,en-IN,Reddit
Robertalarge_VAAT,497,0.6257545271629779,0.3849009900990099,0.0,0.0,0,0,186,311,en-UK,Google
Robertalarge_VAAT,279,0.6164874551971327,0.5458998189866293,0.2540983606557377,0.6595744680851063,31,91,16,141,en-UK,Reddit
