model,num_samples,accuracy,f1_macro,precision,recall,tp,fp,fn,tn,variety,source
Robertalarge_VAAT,260,0.5384615384615384,0.3967983914623772,0.2413793103448276,0.06666666666666667,7,22,98,133,en-AU,Google
Robertalarge_VAAT,482,0.35684647302904565,0.31282192788815305,0.34507042253521125,0.8258426966292135,147,279,31,25,en-AU,Reddit
Robertalarge_VAAT,450,0.6222222222222222,0.3835616438356164,0.0,0.0,0,0,170,280,en-IN,Google
Robertalarge_VAAT,460,0.7391304347826086,0.5060137457044673,0.21818181818181817,0.1348314606741573,12,43,77,328,en-IN,Reddit
Robertalarge_VAAT,497,0.6217303822937625,0.38337468982630274,0.0,0.0,0,2,186,309,en-UK,Google
Robertalarge_VAAT,279,0.6774193548387096,0.5788043478260869,0.27835051546391754,0.574468085106383,27,70,20,162,en-UK,Reddit
