model,num_samples,accuracy,f1_macro,precision,recall,tp,fp,fn,tn,variety
Robertalarge_VAAT,2428,,9.905196394912494,,,,,,,__LATENCY_MS_PER_SAMPLE__
Robertalarge_VAAT,2428,,0.04692254160565029,,,,,,,__ROBUSTNESS_GAP__
Robertalarge_VAAT,742,0.42048517520215634,0.4204683333696608,0.3384615384615385,0.5441696113074205,154.0,301.0,129.0,158.0,en-AU
Robertalarge_VAAT,910,0.6813186813186813,0.44193502000490603,0.21818181818181817,0.04633204633204633,12.0,43.0,247.0,608.0,en-IN
Robertalarge_VAAT,776,0.6417525773195877,0.46739087497531107,0.2727272727272727,0.11587982832618025,27.0,72.0,206.0,471.0,en-UK
