model,num_samples,accuracy,f1_macro,precision,recall,tp,fp,fn,tn,source
Robertalarge_VAAT,1207,0.603976801988401,0.38987800648037696,0.22580645161290322,0.015184381778741865,7,24,454,722,Google
Robertalarge_VAAT,1221,0.5741195741195741,0.5407782438883264,0.3217993079584775,0.5923566878980892,186,392,128,515,Reddit
