model,num_samples,accuracy,f1_macro,precision,recall,tp,fp,fn,tn,source
Robertalarge_VAAT,1207,0.608119304059652,0.38787656552725336,0.22727272727272727,0.010845986984815618,5,17,456,729,Google
Robertalarge_VAAT,1221,0.5585585585585585,0.5228549574598433,0.3036649214659686,0.554140127388535,174,399,140,508,Reddit
