model,num_samples,accuracy,f1_macro,precision,recall,tp,fp,fn,tn,variety
Robertalarge_VAAT,742,0.42857142857142855,0.4261700652974866,0.3284671532846715,0.47703180212014135,135,276,148,183,en-AU
Robertalarge_VAAT,910,0.6758241758241759,0.44209950974585344,0.20967741935483872,0.05019305019305019,13,49,246,602,en-IN
Robertalarge_VAAT,776,0.6224226804123711,0.4649346370621389,0.2540983606557377,0.13304721030042918,31,91,202,452,en-UK
